"File","Title","Length","Status"
"amerikanska-pannkakor-recept-blabar.mdx","Amerikanska pannkakor recept – fluffig blåbärslycka","51","OK"
"amerikanska-pannkakor-recept.mdx","Amerikanska pannkakor med blåbär – fluffigt recept","50","OK"
"amerikanska-pannkakor-sma.mdx","Små amerikanska pannkakor – barnvänligt brunchrecept","52","OK"
"amerikanska-pannkakor-yoghurt.mdx","Amerikanska pannkakor med yoghurt recept – Extra mjukhet","56","OK"
"amerikanska-pannkakor.mdx","Amerikanska Pannkakor Recept – Fluffiga till Brunch","51","OK"
"appelmos.mdx","Hemgjort äppelmos – enkelt, klassiskt och perfekt till allt","59","OK"
"appelpaj-klassisk-svensk.mdx","Klassisk svensk äppelpaj recept – Traditionell höstfavorit","58","OK"
"appelpaj-med-havregryn-recept.mdx","Äppelpaj med havregryn recept – Knäckig klassiker med varm kaneldoft","68","OUT OF RANGE"
"appelpaj-med-havregryn.mdx","Äppelpaj med havregryn recept – Svensk klassiker med kanel","58","OK"
"appelpaj-med-honung.mdx","Äppelpaj med honung recept – Naturlig variant med kanel","55","OK"
"appelpaj-med-kanel.mdx","Äppelpaj med kanel recept – Klassisk svensk favorit med kryddig smak","68","OUT OF RANGE"
"appelpaj-med-kardemumma.mdx","Äppelpaj med kardemumma recept – Kryddig variant med knäckigt täcke","67","OUT OF RANGE"
"appelpaj-med-kokos.mdx","Äppelpaj med kokos recept – Exotisk twist med kanel","51","OK"
"appelpaj-med-lavendel.mdx","Äppelpaj med lavendel recept – Elegant variant med kanel","56","OK"
"appelpaj-med-lingon.mdx","Äppelpaj med lingon recept – Hyllning till svenska skogar","57","OK"
"appelpaj-med-mandel.mdx","Äppelpaj med mandel recept – Lyxig variant med kanel","52","OK"
"appelpaj-med-rosmarin.mdx","Äppelpaj med rosmarin recept – Unik variant med kanel","53","OK"
"appelpaj-med-saffran.mdx","Äppelpaj med saffran recept – Lyxig variant med kanel","53","OK"
"appelpaj-med-sirap.mdx","Äppelpaj med sirap recept – Härlig sötma med havregryn","54","OK"
"appelpaj-med-vanilj.mdx","Äppelpaj med vanilj recept – Lyxig variant med kanel","52","OK"
"appelpaj-recept-knackig-karamell.mdx","Äppelcrumble recept – Krispig höstfavorit som barn älskar","57","OK"
"appelpaj-recept-knackig.mdx","Äppelpaj recept knäckig – Perfekt krispigt täcke med smuldeg","60","OK"
"appelpaj-recept-smulpaj.mdx","Äppelpaj recept – Klassisk smulpaj med kaneldoft och höstmag","60","OK"
"appelpaj-smuldeg-klassisk.mdx","Klassisk äppelpaj smuldeg recept – Favorit i svenska hem","56","OK"
"appelpaj-smuldeg-recept.mdx","Äppelpaj smuldeg recept – Perfekt för nybörjare att baka","56","OK"
"appelpaj-utan-socker-nyttig.mdx","Äppelpaj utan socker recept – Krispig, nyttig & oemotståndlig","61","OUT OF RANGE"
"apple-pie.mdx","Äppelpaj med vaniljsås recept – Klassisk höstfavorit","52","OK"
"basta-kladdkaka-recept-chokladkaka.mdx","Bästa kladdkaka recept – Rinnig chokladkaka med lyxig smakexplosion","67","OUT OF RANGE"
"basta-kladdkaka-recept.mdx","Bästa Kladdkaka Recept – Perfekt Kladdig","40","OUT OF RANGE"
"basta-kladdkakan.mdx","Bästa kladdkakan recept – Perfekt kladdig chokladkaka för fika","62","OUT OF RANGE"
"belgiska-vafflor-recept.mdx","Belgiska våfflor recept – Krispig frukostlyx med bär och sirap","62","OUT OF RANGE"
"belgiska-vafflor.mdx","Belgiska våfflor recept – Luftiga och smakrika till helgen","58","OK"
"blabartarta-med-vanilj-och-lila-glasyr-recept.mdx","Blåbärstårta med vanilj – Krämig dröm med lila glasyr","53","OK"
"chocolate-chip-cookies-recept.mdx","Chocolate chip cookies recept – Sega, mjuka & oemotståndliga","60","OK"
"chokladbollar-med-bryggkaffe.mdx","Chokladbollar med bryggkaffe recept – klassiskt fika med kaffesmak","66","OUT OF RANGE"
"chokladbollar-med-brynt-smor.mdx","Chokladbollar med brynt smör recept – klassiskt fika med twist","62","OUT OF RANGE"
"chokladbollar-med-kaffe-recept.mdx","Chokladbollar med kaffe recept – Klassisk fika med vuxen twist","62","OUT OF RANGE"
"chokladbollar-med-ragflingor.mdx","Chokladbollar med rågflingor recept – rustikt och fiberrikt fika","64","OUT OF RANGE"
"chokladbollar-utan-havregryn.mdx","Chokladbollar utan havregryn recept – Krämig lyx med chokladsmak","64","OUT OF RANGE"
"chokladbollar-utan-socker-recept.mdx","Chokladbollar utan socker recept – Krämig fika med kokos och kärlek","67","OUT OF RANGE"
"chokladbollar.mdx","Chokladbollar recept – Klassisk svensk fika utan bakning","56","OK"
"chokladvafflor-recept.mdx","Chokladvåfflor recept – Rik chokladsmak till frukost","52","OK"
"citronlax-i-ugn-recept.mdx","Citronlax i ugn recept – Saftig och enkel lax med frisk smak","60","OK"
"cookies-recept-svenska-fika.mdx","Cookies recept – Saltade chokladkakor med sött och salt","55","OK"
"enchiladas-recept-kyckling.mdx","Enchiladas recept kyckling – Krämig och ostig ugnsrätt","54","OK"
"enkla-laxratter-recept.mdx","Recept med lax – Enkel ugnslax med krämig sås, dill och citron","62","OUT OF RANGE"
"fetaostfylld-lax-med-dill-och-citron.mdx","Recept lax – Fetaostfylld lax med dill och citron för lyxig vardag","66","OUT OF RANGE"
"filips-basta-kladdkaka.mdx","Filips bästa kladdkaka recept – Familjens favorit","49","OUT OF RANGE"
"frasiga-vafflor-recept.mdx","Belgiska våfflor recept – Frasiga, lyxiga och perfekta med glass","64","OUT OF RANGE"
"glutenfria-pannkakor.mdx","Glutenfria pannkakor recept – För alla som vill äta gott","56","OK"
"glutenfria-vafflor-recept.mdx","Glutenfria våfflor recept – Frasig helglyx för hela familjen","60","OK"
"goda-pannkakor.mdx","Goda pannkakor recept – Extra smakrika med vaniljsocker","55","OK"
"godaste-lasagne-recept.mdx","Godaste lasagne recept – Krämig klassiker som imponerar","55","OK"
"gravad-lax-med-dillstuvad-potatis-recept.mdx","Recept gravad lax – Klassisk gravlax med dillstuvad potatis","59","OK"
"gravad-lax-recept.mdx","Gravad lax recept – Klassisk smakrik tradition för fest och vardag","66","OUT OF RANGE"
"grillad-kyckling-recept.mdx","Grillad kyckling recept – Klassisk marinad och glaze","52","OK"
"grundrecept-frasvafflor.mdx","Grundrecept Frasiga Våfflor – Perfekt Frasvåfflor Recept","56","OK"
"havrevafflor-recept.mdx","Havrevåfflor recept – Nyttiga och mättande frukostfavorit","57","OK"
"hel-kyckling-recept.mdx","Hel kyckling recept – Klassisk ugnsrostad med citron","52","OK"
"helgvafflor-recept.mdx","Helgvåfflor recept – Lyxig helgfrukost för hela familjen","56","OK"
"honungs-och-citronkyckling-med-rostade-rotfrukter.mdx","Honungs- & citronkyckling med rotfrukter – Saftig ugnsrätt","58","OK"
"italienska-kycklingkottbullar-i-graddig-sas.mdx","Italienska kycklingköttbullar i gräddig sås – krämig vardagslyx","63","OUT OF RANGE"
"kallrokt-lax-recept.mdx","Kallrökt lax recept – Fräsch sommarsallad med gurka och melon","61","OUT OF RANGE"
"kladdig-kladdkaka-klassisk.mdx","Kladdig kladdkaka recept – seg, chokladig och enkel klassiker","61","OUT OF RANGE"
"kladdig-kladdkaka-perfekt.mdx","Kladdig kladdkaka recept – perfekt seg och kladdig kaka","55","OK"
"kladdig-kladdkaka.mdx","Kladdig kladdkaka recept – Perfekt konsistens med choklad","57","OK"
"kladdkaka-godaste-och-harligaste.mdx","Kladdkaka – godaste & härligaste kladdkakan på klassiskt vis","60","OK"
"kladdkaka-med-chokladmarang.mdx","Kladdkaka med chokladmaräng recept – lyxig och kladdig kaka","59","OK"
"kladdkaka-med-mork-choklad.mdx","Kladdkaka med mörk choklad recept – Lyxigt, Mustigt & Oemotståndligt","68","OUT OF RANGE"
"kladdkaka-med-vit-choklad-och-citron.mdx","Kladdkaka med vit choklad och citron recept – Lyxig variant","59","OK"
"klassisk-kladdkaka-recept.mdx","Klassisk Kladdkaka Recept – Perfekt Kladdig Chokladkaka","55","OK"
"klassisk-lasagne.mdx","Klassisk lasagne – enkel och krämig med ostsås","46","OUT OF RANGE"
"klassiska-frasvafflor.mdx","Klassiska frasvåfflor – enkla, frasiga våfflor utan ägg","55","OK"
"klassiska-vafflor-recept.mdx","Klassiska våfflor recept – Perfekt till helgen","46","OUT OF RANGE"
"knackig-appelpaj-recept.mdx","Knäckig äppelpaj recept – Krispig och god klassiker","51","OK"
"knackig-appelpaj-smuldeg.mdx","Knäckig äppelpaj med smuldeg recept – Svensk klassiker","54","OK"
"kramig-lasagne-recept-med-parmesan.mdx","Klassisk lasagne – Magiskt krämig familjefavorit recept","55","OK"
"kramig-pasta-med-kycklingfars.mdx","Krämig pasta med kycklingfärs – Snabb och lyxig vardagsrätt","59","OK"
"kramig-vitloks-kyckling-med-spenat.mdx","Krämig vitlökskyckling med spenat – Snabb familjefavorit","56","OK"
"kryddig-fars-i-salladsblad-med-ris-och-chilimajo.mdx","Kryddig färs i salladsblad recept – Fräsch, het & enkel vardagsfavorit","70","OUT OF RANGE"
"kyckling-recept-enkelt.mdx","Kyckling recept enkelt – Plåt med grönsaker på 35 min","53","OK"
"kyckling-recept-ica.mdx","Kyckling recept ICA – Krämig ugnsform med tomat och ost","55","OK"
"kyckling-recept.mdx","Kyckling recept – Krämig citron- och vitlökspanna","49","OUT OF RANGE"
"kycklingbullar-i-curryjordnotssas.mdx","Kycklingbullar i curryjordnötssås recept – Krämig asiatisk vardagslyx","69","OUT OF RANGE"
"kycklingfars-recept.mdx","Kycklingfärs recept – Snabba familjefavoriter på 30 min","55","OK"
"kycklingfarsbiffar-mediterranean-dream.mdx","Kycklingfärsbiffar recept – Saftiga, Medelhavsinspirerade & Familjens Favorit","77","OUT OF RANGE"
"kycklingfarsbiffar-recept.mdx","Klassisk Kycklingfärsbiffar Recept – Saftiga Biffar","51","OK"
"kycklingfarsbiffar.mdx","Kycklingfärsbiffar – saftiga med vitost, citron och oregano","59","OK"
"kycklinggryta-i-kramig-curry.mdx","Kycklinggryta i krämig curry – Värmande höstfavorit","51","OK"
"lax-i-ugn-recept.mdx","Lax i ugn recept – Saftig hel laxsida med örter och citron","58","OK"
"lax-pastasas-recept.mdx","Lax pastasås recept – Krämig och frisk laxpasta med citron och dill","67","OUT OF RANGE"
"lax-recept-asiatisk.mdx","Lax recept asiatisk – Sötstark ugnslax med lime och sesam","57","OK"
"laxsallad-med-bulgur-avokado-och-korianderdressing.mdx","Laxsallad med bulgur, avokado och korianderdressing – fräsch & matig","68","OUT OF RANGE"
"min-basta-kladdkaka.mdx","Min bästa kladdkaka recept – Lyxig choklad till fest","52","OK"
"one-pot-med-kyckling-och-ris.mdx","One pot med kyckling och ris recept – Mustig och enkel allt-i-ett-gryta","71","OUT OF RANGE"
"oppen-kycklinglasagne.mdx","Öppen kycklinglasagne recept – Snabb, fräsch & krämig vardagsfavorit","68","OUT OF RANGE"
"pannkakor-1-person.mdx","Pannkakor för 1 person recept – Perfekt ensamfrukost","52","OK"
"pannkakor-2-agg.mdx","Pannkakor med 2 ägg recept – Extra näringsrik frukost","53","OK"
"pannkakor-2-personer.mdx","Pannkakor för 2 personer recept – Perfekt portion för par","57","OK"
"pannkakor-vaniljsocker.mdx","Pannkakor med Vaniljsocker – Klassiskt Recept & Proffstips","58","OK"
"pasta-carbonara-recept.mdx","Pasta carbonara recept – Krämig italiensk klassiker på 20 min","61","OUT OF RANGE"
"proteinvafflor-recept.mdx","Proteinvåfflor recept – Mättande och nyttiga efter träning","58","OK"
"rawfood-bollar.mdx","Rawfood-bollar recept – nyttiga energibollar med jordnötssmör och dadlar","72","OUT OF RANGE"
"recept-appelpaj-smuldeg.mdx","Recept äppelpaj smuldeg – Enkel och god klassiker","49","OUT OF RANGE"
"recept-appelpaj.mdx","Recept på äppelpaj – Klassisk svensk favorit med kanel","54","OK"
"recept-gravad-lax.mdx","Recept gravad lax – Klassisk svensk delikatess med dill och citron","66","OUT OF RANGE"
"recept-hel-kyckling.mdx","Recept hel kyckling – Värmande gryta med rotfrukter","51","OK"
"recept-kyckling.mdx","Recept kyckling – Citronkyckling i ugn med örter","48","OUT OF RANGE"
"recept-med-kyckling.mdx","Recept med kyckling – Snabb wok med grönsaker","45","OUT OF RANGE"
"recept-med-lax-i-ugn.mdx","Recept med lax i ugn – Enkel och saftig laxfilé med citron","58","OK"
"salsicciapasta-recept.mdx","Salsicciapasta recept – Mustig, krämig och oemotståndlig italiensk klassiker","76","OUT OF RANGE"
"scones-med-filmjolk.mdx","Scones med filmjölk recept – Saftiga, gyllene & lättbakade frukostfavoriter","75","OUT OF RANGE"
"smulpaj-med-apple.mdx","NOT FOUND","0","ERROR"
"snabb-kladdkaka-recept.mdx","Snabb kladdkaka recept – Färdig på 20 minuter","45","OUT OF RANGE"
"sotvafflor-recept.mdx","Sötvåfflor recept – Extra söta och goda till frukost","52","OK"
"sticky-rice-bowl-vietnam.mdx","Sticky Rice Bowl Vietnam recept – Fräsch, krispig & smakrik kycklingfärs","72","OUT OF RANGE"
"svenska-pannkakor-klassisk.mdx","Svenska pannkakor recept – Klassisk variant för hela familjen","61","OUT OF RANGE"
"tareq-taylors-kycklinggratang-med-soltorkade-tomater.mdx","Tareq Taylors kycklinggratäng – Soltorkade tomater","50","OK"
"thailandsk-gryta-med-kycklingfars-och-citrongras.mdx","Thailändsk gryta med kycklingfärs recept – Fräsch, het & krämig vardagsfavorit","78","OUT OF RANGE"
"utan-gradde-kycklinglarfile-i-ugn.mdx","Utan grädde kycklinglårfilé i ugn – Saftig och hälsosam","55","OK"
"vafflor-choklad-recept.mdx","Chokladvåfflor recept – Lyxiga belgiska våfflor med choklad","59","OK"
"vafflor-grundrecept.mdx","Våfflor grundrecept – frasiga och klassiska våfflor","51","OK"
"vafflor-recept.mdx","Klassiska våfflor – frasiga och lätta att lyckas med varje gång","63","OUT OF RANGE"
"vaniljvafflor-recept.mdx","Vaniljvåfflor recept – Söt och aromatisk frukostfavorit","55","OK"
"varldens-godaste-appelsmulpaj.mdx","NOT FOUND","0","ERROR"
"varldens-godaste-kyckling-i-ugn.mdx","Världens godaste kyckling i ugn – krämig och enkel","50","OK"
"varldens-godaste-kyckling-recept.mdx","Världens godaste kyckling recept – Saftig och magisk","52","OK"
"varmrokt-lax-recept.mdx","Varmrökt lax recept – Fräsch sommarrätt med potatis och romsås","62","OUT OF RANGE"
"vinnaren-kladdkaka.mdx","Vinnaren kladdkaka recept – Vinnande chokladkaka för hela familjen","66","OUT OF RANGE"
"wallenbergare-pa-kycklingfars.mdx","Wallenbergare på kycklingfärs – Saftig klassiker","48","OUT OF RANGE"
